{
  "trainingDate": "2025-12-04T19:19:22.035Z",
  "config": {
    "epochs": 100,
    "batchSize": 32,
    "learningRate": 0.001,
    "validationSplit": 0.2,
    "trainingSamples": 10000,
    "testSamples": 1000
  },
  "evaluationResults": {
    "loss": 0.028258413076400757,
    "accuracy": 0.9850000143051147,
    "precision": 0.9599999785423279,
    "recall": 0.9599999785423279,
    "f1Score": 0.9599999785423279,
    "confusionMatrix": [
      [
        707,
        15
      ],
      [
        0,
        278
      ]
    ]
  }
}